Name: 1_sum_class.cpp,Path: C:\Users\VipS\Desktop\c++N\1_sum_class.cpp
Name: 1_sum_class.exe,Path: C:\Users\VipS\Desktop\c++N\1_sum_class.exe
Name: 2_func_in_class.cpp,Path: C:\Users\VipS\Desktop\c++N\2_func_in_class.cpp
Name: 2_func_in_class.exe,Path: C:\Users\VipS\Desktop\c++N\2_func_in_class.exe
Name: area51841.cpp,Path: C:\Users\VipS\Desktop\c++N\area51841.cpp
Name: area51841.exe,Path: C:\Users\VipS\Desktop\c++N\area51841.exe
Name: area_sq.cpp,Path: C:\Users\VipS\Desktop\c++N\area_sq.cpp
Name: area_sq.exe,Path: C:\Users\VipS\Desktop\c++N\area_sq.exe
Name: acha qus.pdf,Path: C:\Users\VipS\Desktop\c++N\B qus\acha qus.pdf
Name: picking_number advsol.pdf,Path: C:\Users\VipS\Desktop\c++N\B qus\picking_number advsol.pdf
Name: picking_number.pdf,Path: C:\Users\VipS\Desktop\c++N\B qus\picking_number.pdf
Name: class_array.cpp,Path: C:\Users\VipS\Desktop\c++N\class_array.cpp
Name: class_array.exe,Path: C:\Users\VipS\Desktop\c++N\class_array.exe
Name: Comparison.cpp,Path: C:\Users\VipS\Desktop\c++N\Comparison.cpp
Name: Comparison.exe,Path: C:\Users\VipS\Desktop\c++N\Comparison.exe
Name: diognam_diff.cp,Path: C:\Users\VipS\Desktop\c++N\diognam_diff.cp
Name: diognam_diff.cpp,Path: C:\Users\VipS\Desktop\c++N\diognam_diff.cpp
Name: diognam_diff.exe,Path: C:\Users\VipS\Desktop\c++N\diognam_diff.exe
Name: hello.cpp,Path: C:\Users\VipS\Desktop\c++N\hello.cpp
Name: hello.exe,Path: C:\Users\VipS\Desktop\c++N\hello.exe
Name: leadarboard.cpp,Path: C:\Users\VipS\Desktop\c++N\leadarboard.cpp
Name: leadarboard.exe,Path: C:\Users\VipS\Desktop\c++N\leadarboard.exe
Name: leap.cpp,Path: C:\Users\VipS\Desktop\c++N\leap.cpp
Name: leap.exe,Path: C:\Users\VipS\Desktop\c++N\leap.exe
Name: program_1.cpp,Path: C:\Users\VipS\Desktop\c++N\program_1.cpp
Name: program_1.exe,Path: C:\Users\VipS\Desktop\c++N\program_1.exe
Name: rgh.cpp,Path: C:\Users\VipS\Desktop\c++N\rgh.cpp
Name: rgh.exe,Path: C:\Users\VipS\Desktop\c++N\rgh.exe
Name: series.cpp,Path: C:\Users\VipS\Desktop\c++N\series.cpp
Name: series.exe,Path: C:\Users\VipS\Desktop\c++N\series.exe
Name: sum_fnc.cpp,Path: C:\Users\VipS\Desktop\c++N\sum_fnc.cpp
Name: sum_fnc.exe,Path: C:\Users\VipS\Desktop\c++N\sum_fnc.exe
Name: swap.cpp,Path: C:\Users\VipS\Desktop\c++N\swap.cpp
Name: swap.exe,Path: C:\Users\VipS\Desktop\c++N\swap.exe
Name: Untitled1.cpp,Path: C:\Users\VipS\Desktop\c++N\Untitled1.cpp
Name: Untitled1.exe,Path: C:\Users\VipS\Desktop\c++N\Untitled1.exe
Name: Untitled2.cpp,Path: C:\Users\VipS\Desktop\c++N\Untitled2.cpp
Name: Untitled2.exe,Path: C:\Users\VipS\Desktop\c++N\Untitled2.exe
Name: vowel.cpp,Path: C:\Users\VipS\Desktop\c++N\vowel.cpp
Name: vowel.exe,Path: C:\Users\VipS\Desktop\c++N\vowel.exe
